Timestamp (s),Position (mm),Force (N),Torque,Stage
1539655253.862829,-19.8564,0.17914629600000043,-1154,0
1539655253.8948889,-19.6654,0.17914629600000043,-1304,0
1539655253.926739,-19.4747,0.17914629600000043,-1324,0
1539655253.9586391,-19.2849,0.17914629600000043,-1230,0
1539655253.9907541,-19.095,0.22163144399999998,-1254,0
1539655254.022462,-18.9011,0.2641165920000018,-1224,0
1539655254.054668,-18.7109,0.22163144399999998,-1288,0
1539655254.0868192,-18.5188,0.22163144399999998,-1198,0
1539655254.118721,-18.3264,0.22163144399999998,-1222,0
1539655254.150955,-18.1344,0.22163144399999998,-1224,0
1539655254.183124,-17.9428,0.22163144399999998,-1220,0
1539655254.2147992,-17.7462,0.22163144399999998,-1244,0
1539655254.24666,-17.5582,0.17914629600000043,-1218,0
1539655254.2790349,-17.3681,0.22163144399999998,-1280,0
1539655254.310818,-17.1729,0.22163144399999998,-1182,0
1539655254.3431659,-16.9817,0.22163144399999998,-1238,0
1539655254.375063,-16.7891,0.22163144399999998,-1258,0
1539655254.406865,-16.5953,0.22163144399999998,-1162,0
1539655254.438936,-16.4087,0.17914629600000043,-1216,0
1539655254.4711208,-16.2145,0.22163144399999998,-1174,0
1539655254.5029252,-16.0221,0.22163144399999998,-1206,0
1539655254.535074,-15.8315,0.22163144399999998,-1146,0
1539655254.567223,-15.6382,0.22163144399999998,-1082,0
1539655254.5990012,-15.4462,0.22163144399999998,-1112,0
1539655254.631021,-15.2583,0.22163144399999998,-1142,0
1539655254.663237,-15.0654,0.22163144399999998,-1120,0
1539655254.695043,-14.8704,0.22163144399999998,-1094,0
1539655254.727284,-14.6829,0.22163144399999998,-1142,0
1539655254.759187,-14.4881,0.22163144399999998,-1104,0
1539655254.79104,-14.2979,0.22163144399999998,-1098,0
1539655254.82317,-14.109,0.17914629600000043,-1080,0
1539655254.855028,-13.9135,0.22163144399999998,-1074,0
1539655254.8870242,-13.7226,0.22163144399999998,-1100,0
1539655254.919018,-13.5296,0.22163144399999998,-1114,0
1539655254.9510531,-13.3392,0.22163144399999998,-1128,0
1539655254.982972,-13.1472,0.22163144399999998,-1110,0
1539655255.015291,-12.9556,0.22163144399999998,-1162,0
1539655255.047106,-12.7619,0.2641165920000018,-1088,0
1539655255.07903,-12.5691,0.17914629600000043,-1150,0
1539655255.111285,-12.3771,0.22163144399999998,-1130,0
1539655255.143403,-12.1843,0.22163144399999998,-1140,0
1539655255.176054,-11.9901,0.2641165920000018,-1188,0
1539655255.20755,-11.7921,0.17914629600000043,-1162,0
1539655255.239553,-11.6069,0.22163144399999998,-1154,0
1539655255.2712488,-11.4144,0.22163144399999998,-1116,0
1539655255.303613,-11.2256,0.2641165920000018,-1096,0
1539655255.335521,-11.0313,0.22163144399999998,-1050,0
1539655255.367357,-10.8401,0.2641165920000018,-1072,0
1539655255.399502,-10.6509,0.22163144399999998,-1106,0
1539655255.43138,-10.4571,0.2641165920000018,-1104,0
1539655255.463189,-10.2654,0.22163144399999998,-1062,0
1539655255.495518,-10.0753,0.22163144399999998,-1016,0
1539655255.527544,-9.8804,0.2641165920000018,-1128,0
1539655255.559219,-9.6883,0.22163144399999998,-1056,0
1539655255.591593,-9.499,0.22163144399999998,-1070,0
1539655255.6238358,-9.3049,0.2641165920000018,-1078,0
1539655255.655426,-9.1123,0.22163144399999998,-1050,0
1539655255.6878111,-8.9228,0.22163144399999998,-1058,0
1539655255.719639,-8.7284,0.2641165920000018,-1022,0
1539655255.751447,-8.5388,0.22163144399999998,-1054,0
1539655255.7837372,-8.3469,0.2641165920000018,-1018,0
1539655255.815704,-8.155,0.22163144399999998,-1058,0
1539655255.847439,-7.9608,0.2641165920000018,-1044,0
1539655255.8796968,-7.7715,0.22163144399999998,-1080,0
1539655255.911668,-7.5795,0.22163144399999998,-1050,0
1539655255.943532,-7.3885,0.22163144399999998,-1076,0
1539655255.975612,-7.1947,0.22163144399999998,-970,0
1539655256.007508,-7.0002,0.22163144399999998,-1094,0
1539655256.039671,-6.8086,0.22163144399999998,-1072,0
1539655256.071588,-6.6151,0.2641165920000018,-1070,0
1539655256.103522,-6.4252,0.2641165920000018,-1030,0
1539655256.135634,-6.2335,0.2641165920000018,-1046,0
1539655256.1677089,-6.0423,0.2641165920000018,-994,0
1539655256.1999402,-5.8519,0.2641165920000018,-1020,0
1539655256.231662,-5.6577,0.2641165920000018,-984,0
1539655256.263735,-5.4709,0.22163144399999998,-954,0
1539655256.295936,-5.2765,0.22163144399999998,-952,0
1539655256.327991,-5.0829,0.22163144399999998,-902,0
1539655256.3597,-4.8924,0.2641165920000018,-924,0
1539655256.3917902,-4.7021,0.3066017400000013,-924,0
1539655256.423838,-4.5124,0.3490868880000008,-924,0
1539655256.455901,-4.321,0.3915720360000004,-858,0
1539655256.488001,-4.1336,0.47654233200000173,-754,0
1539655256.5198028,-3.9425,0.6039977760000004,-680,0
1539655256.552041,-3.7556,0.7739383680000007,-542,0
1539655256.583841,-3.5675,1.0288492560000004,-460,0
1539655256.6159449,-3.3838,1.283760144,-364,0
1539655256.647973,-3.1965,1.5811561800000011,-358,0
1539655256.679884,-3.0073,1.8785522160000003,-242,0
1539655256.711877,-2.8315,2.1759482520000013,285,0
1539655256.74394,-2.635,2.6007997320000014,405,0
1539655256.776014,-2.4508,2.983166064000002,531,0
1539655256.807967,-2.2666,3.4080175440000016,775,0
1539655256.855832,-2.0875,3.917839320000001,1105,1
1539655256.8725271,-1.8697,4.427661096000002,0,1
1539655256.903893,-1.851,4.385175948,0,1
1539655256.920665,-1.8192,4.427661096000002,0,1
1539655256.951961,-1.8059,4.385175948,0,1
1539655256.984118,-1.7871,4.385175948,0,1
1539655257.01596,-1.7719,4.427661096000002,0,1
1539655257.0480871,-1.7597,4.427661096000002,0,1
1539655257.080072,-1.7492,4.470146244000001,0,1
1539655257.112015,-1.7404,4.427661096000002,0,1
1539655257.144084,-1.7329,4.427661096000002,0,1
1539655257.176353,-1.7265,4.427661096000002,0,1
1539655257.2081978,-1.7207,4.427661096000002,0,1
1539655257.239947,-1.7153,4.427661096000002,0,1
1539655257.2571452,-1.7113,4.470146244000001,0,1
1539655257.288079,-1.7091,4.427661096000002,0,1
1539655257.305192,-1.7055,4.470146244000001,0,1
1539655257.3362792,-1.7035,4.385175948,0,1
1539655257.368247,-1.7004,4.470146244000001,0,1
1539655257.4001439,-1.6974,4.470146244000001,0,1
1539655257.416996,-1.6949,4.385175948,0,1
1539655257.4481459,-1.6937,4.470146244000001,0,1
1539655257.465178,-1.6915,4.470146244000001,0,1
1539655257.49648,-1.6904,4.385175948,0,1
1539655257.5282009,-1.6886,4.427661096000002,0,1
1539655257.560312,-1.6869,4.427661096000002,0,1
1539655257.59224,-1.6851,4.427661096000002,0,1
1539655257.6095092,-1.6835,4.427661096000002,0,1
1539655257.640749,-1.6827,4.3426908000000015,0,1
1539655257.672236,-1.6815,4.385175948,0,1
1539655257.689194,-1.6803,4.427661096000002,0,1
1539655257.720285,-1.6797,4.427661096000002,0,1
1539655257.736886,-1.6785,4.385175948,0,1
1539655257.768262,-1.6779,4.385175948,0,1
1539655257.7852852,-1.6768,4.427661096000002,0,1
1539655257.816521,-1.6762,4.385175948,0,1
1539655257.848442,-1.6752,4.385175948,0,1
1539655257.8806999,-1.6742,4.427661096000002,0,1
1539655257.912409,-1.6733,4.385175948,0,1
1539655257.929528,-1.6724,4.385175948,0,1
1539655257.960495,-1.6719,4.385175948,0,1
1539655257.9775949,-1.6711,4.427661096000002,0,1
1539655258.008567,-1.6706,4.385175948,0,1
1539655258.040429,-1.6698,4.385175948,0,1
1539655258.057211,-1.6691,4.385175948,0,1
1539655258.08848,-1.6687,4.427661096000002,0,1
1539655258.105071,-1.668,4.385175948,0,1
1539655258.136836,-1.6676,4.427661096000002,0,1
1539655258.168572,-1.6669,4.385175948,0,1
1539655258.1855402,-1.6662,4.385175948,0,1
1539655258.216765,-1.6658,4.385175948,0,1
1539655258.248599,-1.665,4.385175948,0,1
1539655258.2655702,-1.6643,4.427661096000002,0,1
1539655258.296569,-1.6638,4.427661096000002,0,1
1539655258.313747,-1.6632,4.3426908000000015,0,1
1539655258.344914,-1.6628,4.385175948,0,1
1539655258.376958,-1.6622,4.385175948,0,1
1539655258.409088,-1.6617,4.3426908000000015,0,1
1539655258.440641,-1.6612,4.3426908000000015,0,1
1539655258.4578109,-1.6606,4.385175948,0,1
1539655258.4887512,-1.6604,4.3426908000000015,0,1
1539655258.505725,-1.6599,4.385175948,0,1
1539655258.5368981,-1.6596,4.385175948,0,1
1539655258.568922,-1.659,4.427661096000002,0,1
1539655258.601117,-1.6585,4.385175948,0,1
1539655258.632876,-1.658,4.385175948,0,1
1539655258.664889,-1.6575,4.385175948,0,1
1539655258.681602,-1.657,4.385175948,0,1
1539655258.7131321,-1.6568,4.385175948,0,1
1539655258.745025,-1.6564,4.3426908000000015,0,1
1539655258.776949,-1.656,4.385175948,0,1
1539655258.8089669,-1.6556,4.385175948,0,1
1539655258.840875,-1.6553,4.385175948,0,1
1539655258.857806,-1.6549,4.385175948,0,1
1539655258.889136,-1.6547,4.3426908000000015,0,1
1539655258.921029,-1.6544,4.427661096000002,0,1
1539655258.952996,-1.6541,4.3426908000000015,0,1
1539655258.969845,-1.6538,4.427661096000002,0,1
1539655259.0010529,-1.6536,4.385175948,0,1
1539655259.017972,-1.6533,4.385175948,0,1
1539655259.049129,-1.6531,4.385175948,0,1
1539655259.0813398,-1.6528,4.427661096000002,0,1
1539655259.113267,-1.6524,4.385175948,0,1
1539655259.145358,-1.6521,4.3426908000000015,0,1
1539655259.177356,-1.6518,4.385175948,0,1
1539655259.209066,-1.6515,4.3426908000000015,0,1
1539655259.225963,-1.6512,4.385175948,0,1
1539655259.257283,-1.651,4.300205652000002,0,1
1539655259.289469,-1.6507,4.385175948,0,1
1539655259.321135,-1.6504,4.385175948,0,1
1539655259.338416,-1.6501,4.3426908000000015,0,1
1539655259.369566,-1.6499,4.385175948,0,1
1539655259.401193,-1.6497,4.385175948,0,1
1539655259.418298,-1.6494,4.385175948,0,1
1539655259.449314,-1.6492,4.385175948,0,1
1539655259.466288,-1.649,4.3426908000000015,0,1
1539655259.49734,-1.6488,4.385175948,0,1
1539655259.514646,-1.6486,4.385175948,0,1
1539655259.545394,-1.6484,4.385175948,0,1
1539655259.5775208,-1.6482,4.385175948,0,1
1539655259.609271,-1.6479,4.385175948,0,1
1539655259.626268,-1.6477,4.3426908000000015,0,1
1539655259.6577,-1.6476,4.385175948,0,1
1539655259.6892679,-1.6473,4.385175948,0,1
1539655259.706312,-1.6471,4.385175948,0,1
1539655259.73747,-1.6469,4.385175948,0,1
1539655259.769672,-1.6467,4.3426908000000015,0,1
1539655259.8014772,-1.6465,4.385175948,0,1
1539655259.818659,-1.6462,4.3426908000000015,0,1
1539655259.849814,-1.6461,4.385175948,0,1
1539655259.881509,-1.6458,4.385175948,0,1
1539655259.913606,-1.6456,4.385175948,0,1
1539655259.945703,-1.6454,4.3426908000000015,0,1
1539655259.977597,-1.6452,4.3426908000000015,0,1
1539655260.009944,-1.645,4.3426908000000015,0,1
1539655260.041677,-1.6447,4.3426908000000015,0,1
1539655260.0736508,-1.6445,4.300205652000002,0,1
1539655260.105803,-1.6443,4.385175948,0,1
1539655260.137794,-1.644,4.3426908000000015,0,1
1539655260.169676,-1.6438,4.3426908000000015,0,1
1539655260.201749,-1.6437,4.385175948,0,1
1539655260.233841,-1.6435,4.427661096000002,0,1
1539655260.2657092,-1.6433,4.385175948,0,1
1539655260.297856,-1.6431,4.385175948,0,1
1539655260.329974,-1.6429,4.3426908000000015,0,1
1539655260.36159,-1.6427,4.385175948,0,1
1539655260.378328,-1.6426,4.385175948,0,1
1539655260.409757,-1.6425,4.3426908000000015,0,1
1539655260.4268548,-1.6423,4.385175948,0,1
1539655260.4577868,-1.6422,4.3426908000000015,0,1
1539655260.4748101,-1.642,4.3426908000000015,0,1
1539655260.505905,-1.6419,4.385175948,0,1
1539655260.538048,-1.6418,4.3426908000000015,0,1
1539655260.5698712,-1.6416,4.385175948,0,1
1539655260.586997,-1.6415,4.385175948,0,1
1539655260.618221,-1.6413,4.3426908000000015,0,1
1539655260.64992,-1.6412,4.385175948,0,1
1539655260.6820989,-1.641,4.385175948,0,1
1539655260.714192,-1.6408,4.385175948,0,1
1539655260.746054,-1.6408,4.385175948,0,1
1539655260.778199,-1.6406,4.3426908000000015,0,1
1539655260.810081,-1.6404,4.385175948,0,1
1539655260.84189,-1.6403,4.3426908000000015,0,1
1539655260.8590012,-1.6401,4.3426908000000015,0,1
1539655260.8900108,-1.6401,4.3426908000000015,0,1
1539655260.907091,-1.6399,4.385175948,0,1
1539655260.938251,-1.6398,4.3426908000000015,0,1
1539655260.97039,-1.6397,4.3426908000000015,0,1
1539655261.002479,-1.6395,4.385175948,0,1
1539655261.03424,-1.6394,4.3426908000000015,0,1
1539655261.066263,-1.6392,4.385175948,0,1
1539655261.098176,-1.639,4.385175948,0,1
1539655261.130317,-1.6389,4.385175948,0,1
1539655261.147674,-1.6388,4.385175948,0,1
1539655261.178497,-1.6387,4.385175948,0,1
1539655261.210643,-1.6386,4.3426908000000015,0,1
1539655261.242153,-1.6384,4.3426908000000015,0,1
1539655261.25908,-1.6383,4.3426908000000015,0,1
1539655261.2902012,-1.6383,4.3426908000000015,0,1
1539655261.308,-1.6381,4.3426908000000015,0,1
1539655261.338309,-1.638,4.3426908000000015,0,1
1539655261.3550668,-1.6379,4.385175948,0,1
1539655261.3864949,-1.6379,4.385175948,0,1
1539655261.418509,-1.6377,4.3426908000000015,0,1
1539655261.450399,-1.6376,4.385175948,0,1
1539655261.48229,-1.6375,4.3426908000000015,0,1
1539655261.499097,-1.6373,4.3426908000000015,0,1
1539655261.530716,-1.6373,4.385175948,0,1
1539655261.562644,-1.6372,4.385175948,0,1
1539655261.594429,-1.637,4.3426908000000015,0,1
1539655261.626387,-1.6369,4.3426908000000015,0,1
1539655261.643592,-1.6369,4.3426908000000015,0,1
1539655261.674645,-1.6368,4.300205652000002,0,1
1539655261.706656,-1.6367,4.385175948,0,1
1539655261.738546,-1.6365,4.385175948,0,1
1539655261.7704792,-1.6365,4.385175948,0,1
1539655261.787337,-1.6364,4.3426908000000015,0,1
1539655261.818557,-1.6363,4.300205652000002,0,1
1539655261.8353229,-1.6362,4.385175948,0,1
1539655261.866615,-1.6362,4.385175948,0,1
1539655261.898711,-1.6362,4.385175948,0,1
1539655261.930757,-1.636,4.385175948,0,1
1539655261.962507,-1.6359,4.3426908000000015,0,1
1539655261.9799628,-1.6358,4.3426908000000015,0,1
1539655262.010869,-1.6358,4.3426908000000015,0,1
1539655262.042795,-1.6357,4.300205652000002,0,1
1539655262.07482,-1.6356,4.3426908000000015,0,1
1539655262.106667,-1.6355,4.300205652000002,0,1
1539655262.1240692,-1.6354,4.3426908000000015,0,1
1539655262.155055,-1.6354,4.300205652000002,0,1
1539655262.186696,-1.6354,4.385175948,0,1
1539655262.203542,-1.6353,4.3426908000000015,0,1
1539655262.235015,-1.6352,4.385175948,0,1
1539655262.2668312,-1.6351,4.385175948,0,1
1539655262.298708,-1.6351,4.3426908000000015,0,1
1539655262.3159308,-1.635,4.3426908000000015,0,1
1539655262.3468878,-1.6349,4.3426908000000015,0,1
1539655262.378777,-1.6349,4.3426908000000015,0,1
1539655262.395783,-1.6348,4.3426908000000015,0,1
1539655262.427362,-1.6347,4.3426908000000015,0,1
1539655262.45917,-1.6347,4.300205652000002,0,1
1539655262.490796,-1.6346,4.385175948,0,1
1539655262.508063,-1.6345,4.300205652000002,0,1
1539655262.5390542,-1.6345,4.3426908000000015,0,1
1539655262.571035,-1.6344,4.3426908000000015,0,1
1539655262.603001,-1.6344,4.385175948,0,1
1539655262.634884,-1.6343,4.300205652000002,0,1
1539655262.6525571,-1.6342,4.385175948,0,1
1539655262.683133,-1.6341,4.300205652000002,0,1
1539655262.7151859,-1.634,4.3426908000000015,0,1
1539655262.747414,-1.634,4.385175948,0,1
1539655262.778968,-1.634,4.3426908000000015,0,1
1539655262.79574,-1.6338,4.300205652000002,0,1
1539655262.827251,-1.6338,4.300205652000002,0,1
1539655262.859309,-1.6338,4.385175948,0,1
1539655262.89171,-1.6337,4.3426908000000015,0,1
1539655262.923257,-1.6337,4.3426908000000015,0,1
1539655262.955302,-1.6336,4.3426908000000015,0,1
1539655262.987284,-1.6335,4.385175948,0,1
1539655263.0193012,-1.6334,4.385175948,0,1
1539655263.0512981,-1.6333,4.385175948,0,1
1539655263.0831602,-1.6333,4.385175948,0,1
1539655263.100045,-1.6332,4.3426908000000015,0,1
1539655263.131525,-1.6332,4.385175948,0,1
1539655263.1633532,-1.6331,4.300205652000002,0,1
1539655263.1801789,-1.633,4.3426908000000015,0,1
1539655263.211315,-1.633,4.385175948,0,1
1539655263.228172,-1.6329,4.300205652000002,0,1
1539655263.259257,-1.6329,4.3426908000000015,0,1
1539655263.2765381,-1.6328,4.3426908000000015,0,1
1539655263.3075159,-1.6328,4.3426908000000015,0,1
1539655263.3393521,-1.6327,4.385175948,0,1
1539655263.35602,-1.6326,4.3426908000000015,0,1
1539655263.3876421,-1.6326,4.3426908000000015,0,1
1539655263.419631,-1.6326,4.3426908000000015,0,1
1539655263.451772,-1.6325,4.300205652000002,0,1
1539655263.483642,-1.6324,4.3426908000000015,0,1
1539655263.515771,-1.6323,4.3426908000000015,0,1
1539655263.547552,-1.6322,4.300205652000002,0,1
1539655263.579801,-1.6322,4.3426908000000015,0,1
1539655263.61154,-1.6322,4.3426908000000015,0,1
1539655263.643522,-1.6321,4.3426908000000015,0,1
1539655263.6611772,-1.632,4.385175948,0,1
1539655263.691812,-1.6319,4.385175948,0,1
1539655263.723938,-1.6319,4.385175948,0,1
1539655263.7556322,-1.6319,4.300205652000002,0,1
1539655263.7877219,-1.6318,4.3426908000000015,0,1
1539655263.819732,-1.6317,4.385175948,0,1
1539655263.851566,-1.6316,4.3426908000000015,0,1
1539655263.8689559,-1.6316,4.3426908000000015,0,1
1539655263.900299,-1.6315,4.385175948,0,1
1539655263.931796,-1.6315,4.300205652000002,0,1
1539655263.963902,-1.6315,4.3426908000000015,0,1
1539655263.995799,-1.6314,4.3426908000000015,0,1
1539655264.012574,-1.6313,4.3426908000000015,0,1
1539655264.0441,-1.6313,4.300205652000002,0,1
1539655264.075695,-1.6312,4.300205652000002,0,1
1539655264.09236,-1.6312,4.3426908000000015,0,1
1539655264.1238568,-1.6312,4.300205652000002,0,1
1539655264.155998,-1.6311,4.3426908000000015,0,1
1539655264.188009,-1.631,4.300205652000002,0,1
1539655264.21991,-1.631,4.385175948,0,1
1539655264.252047,-1.6309,4.3426908000000015,0,1
1539655264.284013,-1.6308,4.3426908000000015,0,1
1539655264.315846,-1.6308,4.385175948,0,1
1539655264.3328168,-1.6308,4.3426908000000015,0,1
1539655264.364015,-1.6307,4.385175948,0,1
1539655264.39594,-1.6307,4.385175948,0,1
1539655264.4128692,-1.6306,4.3426908000000015,0,1
1539655264.4441779,-1.6305,4.300205652000002,0,1
1539655264.476015,-1.6305,4.300205652000002,0,1
1539655264.492994,-1.6304,4.3426908000000015,0,1
1539655264.5241642,-1.6304,4.300205652000002,0,1
1539655264.5562801,-1.6304,4.3426908000000015,0,1
1539655264.5881522,-1.6303,4.3426908000000015,0,1
1539655264.620115,-1.6302,4.385175948,0,1
1539655264.6522229,-1.6302,4.385175948,0,1
1539655264.684185,-1.6301,4.385175948,0,1
1539655264.716214,-1.6301,4.3426908000000015,0,1
1539655264.7484002,-1.63,4.385175948,0,1
1539655264.78035,-1.63,4.3426908000000015,0,1
1539655264.8122811,-1.6299,4.3426908000000015,0,1
1539655264.844312,-1.6299,4.385175948,0,1
1539655264.8763578,-1.6298,4.385175948,0,1
1539655264.9082859,-1.6297,4.3426908000000015,0,1
1539655264.940188,-1.6297,4.300205652000002,0,1
1539655264.9575198,-1.6297,4.300205652000002,0,1
1539655264.988394,-1.6296,4.300205652000002,0,1
1539655265.0054169,-1.6296,4.300205652000002,0,1
1539655265.0364769,-1.6295,4.3426908000000015,0,1
1539655265.0684469,-1.6294,4.3426908000000015,0,1
1539655265.100428,-1.6294,4.3426908000000015,0,1
1539655265.1323578,-1.6294,4.385175948,0,1
1539655265.1492229,-1.6293,4.300205652000002,0,1
1539655265.1805592,-1.6293,4.3426908000000015,0,1
1539655265.2125618,-1.6292,4.3426908000000015,0,1
1539655265.244462,-1.6292,4.300205652000002,0,1
1539655265.261145,-1.6291,4.3426908000000015,0,1
1539655265.292692,-1.629,4.300205652000002,0,1
1539655265.324426,-1.629,4.3426908000000015,0,1
1539655265.341472,-1.629,4.3426908000000015,0,1
1539655265.372586,-1.629,4.300205652000002,0,1
1539655265.4048262,-1.6289,4.3426908000000015,0,1
1539655265.436844,-1.6288,4.3426908000000015,0,1
1539655265.468538,-1.6288,4.385175948,0,1
1539655265.4857569,-1.6288,4.300205652000002,0,1
1539655265.5166929,-1.6287,4.3426908000000015,0,1
1539655265.548621,-1.6287,4.3426908000000015,0,1
1539655265.5807621,-1.6286,4.300205652000002,0,1
1539655265.612606,-1.6286,4.3426908000000015,0,1
1539655265.62942,-1.6285,4.3426908000000015,0,1
1539655265.660758,-1.6285,4.3426908000000015,0,1
1539655265.692735,-1.6284,4.3426908000000015,0,1
1539655265.724666,-1.6284,4.300205652000002,0,1
1539655265.741859,-1.6283,4.3426908000000015,0,1
1539655265.7729862,-1.6283,4.300205652000002,0,1
1539655265.804734,-1.6283,4.300205652000002,0,1
1539655265.821988,-1.6283,4.300205652000002,0,1
1539655265.85279,-1.6282,4.3426908000000015,0,1
1539655265.8693812,-1.6282,4.385175948,0,1
1539655265.900929,-1.6281,4.300205652000002,0,1
1539655265.932943,-1.6281,4.3426908000000015,0,1
1539655265.96506,-1.628,4.3426908000000015,0,1
1539655265.996916,-1.628,4.3426908000000015,0,1
1539655266.028866,-1.6279,4.385175948,0,1
1539655266.061051,-1.6279,4.300205652000002,0,1
1539655266.092845,-1.6279,4.3426908000000015,0,1
1539655266.109856,-1.6279,4.3426908000000015,0,1
1539655266.140872,-1.6278,4.300205652000002,0,1
1539655266.1581109,-1.6278,4.300205652000002,0,1
1539655266.189259,-1.6278,4.3426908000000015,0,1
1539655266.221078,-1.6277,4.300205652000002,0,1
1539655266.253421,-1.6277,4.3426908000000015,0,1
1539655266.2849689,-1.6276,4.3426908000000015,0,1
1539655266.302229,-1.6276,4.3426908000000015,0,1
1539655266.333355,-1.6276,4.3426908000000015,0,1
1539655266.365547,-1.6276,4.3426908000000015,0,1
1539655266.397121,-1.6275,4.300205652000002,0,1
1539655266.429148,-1.6274,4.300205652000002,0,1
1539655266.461099,-1.6274,4.300205652000002,0,1
1539655266.493322,-1.6273,4.3426908000000015,0,1
1539655266.525249,-1.6273,4.300205652000002,0,1
1539655266.557423,-1.6272,4.300205652000002,0,1
1539655266.589398,-1.6272,4.3426908000000015,0,1
1539655266.6213288,-1.6272,4.3426908000000015,0,1
1539655266.6531892,-1.6272,4.3426908000000015,0,1
1539655266.670333,-1.6271,4.3426908000000015,0,1
1539655266.701557,-1.6271,4.300205652000002,0,1
1539655266.733232,-1.6271,4.385175948,0,1
1539655266.750272,-1.627,4.3426908000000015,0,1
1539655266.7815669,-1.627,4.385175948,0,1
1539655266.8133419,-1.6269,4.3426908000000015,0,1
1539655266.845291,-1.6269,4.3426908000000015,0,1
1539655266.9092999,-1.6269,4.3426908000000015,0,2
1539655266.9416242,-1.6744,3.4505026920000015,-529,2
1539655266.973527,-1.8527,2.218433400000001,-912,2
1539655267.005903,-2.027,1.6236413280000006,-1120,2
1539655267.038026,-2.209,1.2412749960000002,-1354,2
1539655267.069777,-2.3947,0.9863641080000007,-1528,2
1539655267.101748,-2.5798,0.7739383680000007,-1612,2
1539655267.1336708,-2.7657,0.646482924,-1704,2
1539655267.1658502,-2.954,0.3490868880000008,-1786,2
1539655267.197772,-3.1433,0.3490868880000008,-1818,2
1539655267.229845,-3.3349,0.2641165920000018,-1788,2
1539655267.261703,-3.5245,0.2641165920000018,-1886,2
1539655267.29365,-3.7141,0.17914629600000043,-1892,2
1539655267.3258328,-3.9048,0.17914629600000043,-1940,2
1539655267.357931,-4.0974,0.13666114800000087,-1882,2
1539655267.390101,-4.2909,0.13666114800000087,-1960,2
1539655267.421841,-4.4853,0.17914629600000043,-1898,2
1539655267.453871,-4.675,0.22163144399999998,-1824,2
1539655267.485939,-4.867,0.22163144399999998,-1848,2
1539655267.517895,-5.0607,0.22163144399999998,-1932,2
1539655267.550064,-5.2479,0.2641165920000018,-1942,2
1539655267.581784,-5.4419,0.22163144399999998,-1912,2
1539655267.6146948,-5.6321,0.22163144399999998,-1972,2
1539655267.645917,-5.8319,0.22163144399999998,-2016,2
1539655267.6780171,-6.0171,0.17914629600000043,-1922,2
1539655267.7099679,-6.2084,0.2641165920000018,-1892,2
1539655267.742304,-6.4003,0.17914629600000043,-1932,2
1539655267.7740202,-6.5954,0.22163144399999998,-1966,2
1539655267.805911,-6.784,0.22163144399999998,-1964,2
1539655267.838204,-6.9746,0.22163144399999998,-1922,2
1539655267.8700118,-7.1702,0.2641165920000018,-1972,2
1539655267.90242,-7.3593,0.22163144399999998,-1984,2
1539655267.934401,-7.5558,0.22163144399999998,-1872,2
1539655267.96623,-7.7497,0.2641165920000018,-1972,2
1539655267.998368,-7.9376,0.2641165920000018,-2000,2
1539655268.0302248,-8.1316,0.22163144399999998,-1950,2
1539655268.062336,-8.3237,0.17914629600000043,-1878,2
1539655268.094377,-8.5152,0.17914629600000043,-1850,2
1539655268.126324,-8.7069,0.17914629600000043,-1990,2
1539655268.1581671,-8.8979,0.22163144399999998,-1948,2
1539655268.190324,-9.0895,0.17914629600000043,-1952,2
1539655268.222392,-9.2819,0.22163144399999998,-1942,2
1539655268.254391,-9.4753,0.22163144399999998,-1892,2
1539655268.286509,-9.6651,0.22163144399999998,-1958,2
1539655268.3185668,-9.8602,0.22163144399999998,-1978,2
1539655268.3503208,-10.0522,0.22163144399999998,-1926,2
1539655268.382577,-10.2423,0.22163144399999998,-1984,2
1539655268.4146078,-10.4374,0.22163144399999998,-1872,2
1539655268.446414,-10.6309,0.22163144399999998,-1896,2
1539655268.478574,-10.8207,0.22163144399999998,-1870,2
1539655268.510365,-11.0144,0.22163144399999998,-1870,2
1539655268.5425029,-11.2047,0.17914629600000043,-1848,2
1539655268.5746088,-11.3991,0.17914629600000043,-1864,2
1539655268.606678,-11.5897,0.17914629600000043,-1952,2
1539655268.6386938,-11.7825,0.17914629600000043,-1956,2
1539655268.670645,-11.9737,0.22163144399999998,-1890,2
1539655268.702741,-12.1669,0.17914629600000043,-1938,2
1539655268.734487,-12.3572,0.17914629600000043,-1898,2
1539655268.7667892,-12.547,0.22163144399999998,-1980,2
1539655268.798768,-12.7404,0.22163144399999998,-1994,2
1539655268.8308659,-12.9325,0.22163144399999998,-1926,2
1539655268.862724,-13.1256,0.17914629600000043,-1954,2
1539655268.894627,-13.3166,0.22163144399999998,-1930,2
1539655268.9271228,-13.5092,0.17914629600000043,-1938,2
1539655268.958729,-13.7029,0.17914629600000043,-1916,2
1539655268.9908018,-13.8919,0.17914629600000043,-1894,2
1539655269.022687,-14.084,0.17914629600000043,-1938,2
1539655269.0547688,-14.2759,0.17914629600000043,-1936,2
1539655269.086984,-14.4686,0.22163144399999998,-1982,2
1539655269.118847,-14.6619,0.17914629600000043,-1956,2
1539655269.151058,-14.8532,0.22163144399999998,-1908,2
1539655269.182785,-15.0461,0.22163144399999998,-1972,2
1539655269.214937,-15.2356,0.22163144399999998,-1918,2
1539655269.247144,-15.4294,0.22163144399999998,-1938,2
1539655269.2789912,-15.6219,0.22163144399999998,-1962,2
1539655269.310984,-15.8103,0.22163144399999998,-1928,2
1539655269.343195,-16.0021,0.17914629600000043,-1988,2
1539655269.37489,-16.1969,0.22163144399999998,-1972,2
1539655269.406977,-16.3841,0.22163144399999998,-2124,2
1539655269.44067,-16.5723,0.22163144399999998,-2084,2
1539655269.471591,-16.7737,0.22163144399999998,-2184,2
1539655269.5035021,-16.9627,0.17914629600000043,-2144,2
1539655269.535255,-17.1517,0.22163144399999998,-2088,2
1539655269.5672169,-17.3431,0.17914629600000043,-2118,2
1539655269.599117,-17.5329,0.22163144399999998,-2138,2
1539655269.631496,-17.724,0.17914629600000043,-2160,2
1539655269.663269,-17.9154,0.22163144399999998,-2242,2
1539655269.69521,-18.1071,0.17914629600000043,-2222,2
1539655269.727228,-18.2991,0.22163144399999998,-2144,2
1539655269.7592242,-18.492,0.22163144399999998,-2160,2
1539655269.7912471,-18.6848,0.17914629600000043,-2172,2
1539655269.8234408,-18.874,0.17914629600000043,-2266,2
1539655269.8551521,-19.0717,0.17914629600000043,-2126,2
1539655269.8875678,-19.2622,0.17914629600000043,-2084,2
1539655269.9195,-19.457,0.22163144399999998,-2128,2
1539655269.951297,-19.6488,0.17914629600000043,-2184,2
1539655269.98347,-19.8368,0.22163144399999998,-2250,2
